{
  "project_info": {
    "project_number": "799749065156",
    "project_id": "teste-f1d31",
    "storage_bucket": "teste-f1d31.appspot.com"
  },
  "client": [
    {
      "client_info": {
        "mobilesdk_app_id": "1:799749065156:android:2c73076b7759c33e2ffc91",
        "android_client_info": {
          "package_name": "com.example.teste"
        }
      },
      "oauth_client": [],
      "api_key": [
        {
          "current_key": "AIzaSyAe5e9jF_DMPeU-6OIlHgpJ9hOci6Wctvs"
        }
      ],
      "services": {
        "appinvite_service": {
          "other_platform_oauth_client": []
        }
      }
    },
    {
      "client_info": {
        "mobilesdk_app_id": "1:799749065156:android:64bafb71424fd9e12ffc91",
        "android_client_info": {
          "package_name": "com.example.testes"
        }
      },
      "oauth_client": [],
      "api_key": [
        {
          "current_key": "AIzaSyAe5e9jF_DMPeU-6OIlHgpJ9hOci6Wctvs"
        }
      ],
      "services": {
        "appinvite_service": {
          "other_platform_oauth_client": []
        }
      }
    }
  ],
  "configuration_version": "1"
}